"ID";"first_name";"last_name";"gender";"phone_number";"birth_day";"enrolled_date"
"8";"Firstname";"Lastname";"Fe";"927";;"0000-00-00"
"10";"Miller";"Kneafsey";"Ma";"727";;"0000-00-00"
"11";"Fionnula";"Ciccottio";"Fe";"587";;"0000-00-00"
"12";"Hertha";"Beedom";"Ge";"599";;"0000-00-00"
"13";"Alverta";"Frany";"Fe";"585";;"0000-00-00"
"14";"Chandler";"Crosdill";"Ma";"437";;"0000-00-00"
"15";"Leonie";"Give";"Fe";"423";;"0000-00-00"
"16";"Loy";"Rielly";"Ma";"521";;"0000-00-00"
"17";"Cirilo";"Easter";"Ge";"645";;"0000-00-00"
"18";"Darda";"Smitten";"Fe";"420";;"0000-00-00"
"19";"Athene";"Pullen";"Fe";"960";;"0000-00-00"
"20";"Aldo";"Conry";"Ge";"335";;"0000-00-00"
"21";"Graehme";"Gallamore";"Ma";"603";;"0000-00-00"
"22";"Adel";"Linn";"Fe";"929";;"0000-00-00"
"23";"Layney";"Deyenhardt";"Fe";"873";;"0000-00-00"
"24";"Christan";"Roskeilly";"Fe";"839";;"0000-00-00"
"25";"Alyda";"Wynes";"Fe";"769";;"0000-00-00"
"26";"Merrilee";"Naptin";"Fe";"235";;"0000-00-00"
"27";"Elvyn";"Tillot";"Ma";"785";;"0000-00-00"
"28";"Cordelie";"Knowles";"Fe";"378";;"0000-00-00"
"29";"Ingra";"Costigan";"Ma";"579";;"0000-00-00"
"30";"Aland";"Lamplugh";"Ma";"726";;"0000-00-00"
"31";"Renell";"Ucceli";"Fe";"127";;"0000-00-00"
"32";"Myrta";"Ros";"Fe";"545";;"0000-00-00"
"33";"Eric";"Scyner";"Ma";"881";;"0000-00-00"
"34";"Barbey";"Learmonth";"Fe";"739";;"0000-00-00"
"35";"Kellen";"Clorley";"Fe";"289";;"0000-00-00"
"36";"Nickie";"Issakov";"Ma";"565";;"0000-00-00"
"37";"Eada";"Tringham";"Fe";"672";;"0000-00-00"
"38";"Lev";"Gravener";"Ma";"769";;"0000-00-00"
"39";"Skelly";"MacGinlay";"Ma";"190";;"0000-00-00"
"40";"Alexandr";"Jeskins";"Ma";"575";;"0000-00-00"
"41";"Debi";"Fancourt";"Fe";"905";;"0000-00-00"
"42";"Melisa";"Jayume";"Fe";"449";;"0000-00-00"
"43";"Worthington";"Craufurd";"Ma";"507";;"0000-00-00"
"44";"Phillie";"Winspurr";"Fe";"899";;"0000-00-00"
"45";"Humfrid";"Okenfold";"Ge";"712";;"0000-00-00"
"46";"Olivette";"Joutapaitis";"Fe";"247";;"0000-00-00"
"47";"Kimbra";"Romanetti";"Fe";"369";;"0000-00-00"
"48";"Paulina";"Brangan";"Fe";"568";;"0000-00-00"
"49";"Tarra";"MacGilmartin";"Fe";"548";;"0000-00-00"
"50";"Kimberlee";"Roswarne";"Fe";"390";;"0000-00-00"
"51";"Hedy";"Gunter";"Fe";"770";;"0000-00-00"
"52";"Tristan";"Geelan";"Ag";"515";;"0000-00-00"
"53";"Darryl";"Rendle";"Ma";"737";;"0000-00-00"
"54";"Myrah";"Pear";"Fe";"210";;"0000-00-00"
"55";"Clerc";"Lambie";"Po";"622";;"0000-00-00"
"56";"Laina";"Paddison";"Fe";"370";;"0000-00-00"
"57";"Clare";"Mandrier";"Fe";"266";;"0000-00-00"
"58";"Dennie";"Joesbury";"Ma";"263";;"0000-00-00"
"59";"Titus";"Dorking";"Ma";"797";;"0000-00-00"
"60";"Madlin";"Bulter";"Fe";"560";;"0000-00-00"
"61";"Marcellus";"Gullyes";"Ma";"951";;"0000-00-00"
"62";"Henry";"Patemore";"Ma";"730";;"0000-00-00"
"63";"Borg";"Reffe";"Ma";"911";;"0000-00-00"
"64";"Teodorico";"Skillitt";"Ma";"725";;"0000-00-00"
"65";"Nicko";"Byrd";"Ma";"198";;"0000-00-00"
"66";"Marthena";"Stayt";"Fe";"397";;"0000-00-00"
"67";"Tildie";"Akister";"Fe";"419";;"0000-00-00"
"68";"Hogan";"Mauvin";"Ma";"441";;"0000-00-00"
"69";"Avie";"Toderi";"Ag";"853";;"0000-00-00"
"70";"Dina";"Hanhardt";"Fe";"665";;"0000-00-00"
"71";"Bartholemy";"Stuchburie";"Ma";"788";;"0000-00-00"
"72";"Devan";"Antonowicz";"Fe";"897";;"0000-00-00"
"73";"Torrey";"Tocqueville";"Ma";"132";;"0000-00-00"
"74";"Sybyl";"Slator";"Fe";"764";;"0000-00-00"
"75";"Carter";"Veldens";"Ma";"475";;"0000-00-00"
"76";"Roselia";"Tavener";"Fe";"212";;"0000-00-00"
"77";"Lorena";"Bouzek";"Fe";"843";;"0000-00-00"
"78";"Edgard";"Hallifax";"Ma";"372";;"0000-00-00"
"79";"Georgette";"Lindeboom";"Ag";"338";;"0000-00-00"
"80";"Johannes";"Chevers";"Ma";"593";;"0000-00-00"
"81";"Joby";"Nelsen";"Fe";"233";;"0000-00-00"
"82";"Anastasie";"Filipputti";"Fe";"507";;"0000-00-00"
"83";"Esteban";"Braddick";"Ma";"732";;"0000-00-00"
"84";"Marylynne";"MacGowing";"Fe";"671";;"0000-00-00"
"85";"Myrah";"Wiffill";"Fe";"487";;"0000-00-00"
"86";"Wallace";"Hylden";"Ma";"168";;"0000-00-00"
"87";"Cyrille";"Dockwray";"Ma";"479";;"0000-00-00"
"88";"Shane";"Bown";"Ma";"292";;"0000-00-00"
"89";"Morlee";"Pepi";"Ma";"252";;"0000-00-00"
"90";"Clarie";"Twitchings";"Fe";"893";;"0000-00-00"
"91";"Prue";"Scougal";"Fe";"556";;"0000-00-00"
"92";"Danny";"Falkingham";"Ma";"689";;"0000-00-00"
"93";"Dagny";"Trustram";"Ma";"938";;"0000-00-00"
"94";"Geraldine";"Elphinstone";"Fe";"664";;"0000-00-00"
"95";"Perle";"Ebbett";"Fe";"709";;"0000-00-00"
"96";"Richy";"Andersen";"Ma";"586";;"0000-00-00"
"97";"Cy";"Soff";"Ma";"601";;"0000-00-00"
"98";"Marcellus";"Ziems";"Ma";"614";;"0000-00-00"
"99";"Northrop";"Guard";"Ma";"806";;"0000-00-00"
"100";"Carly";"Leary";"Fe";"645";;"0000-00-00"
"101";"Monica";"Martinelli";"Fe";"795";;"0000-00-00"
"102";"Myrtia";"Hammersley";"Fe";"166";;"0000-00-00"
"103";"Gabbie";"Finlaison";"Fe";"574";;"0000-00-00"
"104";"Alison";"Friese";"Ge";"192";;"0000-00-00"
"105";"Auberon";"Card";"Ma";"405";;"0000-00-00"
"106";"Ellen";"Dumingos";"Fe";"230";;"0000-00-00"
"107";"Angelico";"Cordel";"Ge";"638";;"0000-00-00"
"108";"Marwin";"Entissle";"Ma";"128";;"0000-00-00"
"109";"Nichole";"Elijah";"Ma";"130";;"0000-00-00"
"110";"Pete";"Aguirrezabala";"Ge";"912";;"0000-00-00"
"111";"Rachelle";"Dearness";"Fe";"439";;"0000-00-00"
"112";"Ingemar";"Abrahams";"Ma";"405";;"0000-00-00"
"113";"Adlai";"Kleinlerer";"Ma";"477";;"0000-00-00"
"114";"Chane";"Storre";"Ma";"984";;"0000-00-00"
"115";"Gaye";"Dowson";"Fe";"859";;"0000-00-00"
"116";"Ugo";"Dunseith";"Ma";"236";;"0000-00-00"
"117";"Gray";"Crocetto";"Ma";"104";;"0000-00-00"
"118";"Marcus";"Cesaric";"Ma";"500";;"0000-00-00"
"119";"Alida";"Vasse";"Fe";"253";;"0000-00-00"
"120";"Tadio";"Swindell";"Ma";"986";;"0000-00-00"
"121";"Karlen";"Knapp";"Fe";"317";;"0000-00-00"
"122";"Suzann";"Mallabar";"Fe";"812";;"0000-00-00"
"123";"Amii";"Duprey";"Fe";"909";;"0000-00-00"
"124";"Izaak";"Brandes";"Ma";"341";;"0000-00-00"
"125";"Revkah";"Nowak";"Fe";"203";;"0000-00-00"
"126";"Evaleen";"Truin";"Ge";"161";;"0000-00-00"
"127";"Selie";"Blything";"No";"502";;"0000-00-00"
"128";"Archibaldo";"MacDonough";"Ma";"915";;"0000-00-00"
"129";"Mart";"Doyle";"Ge";"470";;"0000-00-00"
"130";"Porter";"Normanvill";"Ma";"794";;"0000-00-00"
"131";"Bar";"Shirer";"Ma";"833";;"0000-00-00"
"132";"Bobbi";"Wytchard";"Ge";"202";;"0000-00-00"
"133";"Nels";"Olney";"Ge";"453";;"0000-00-00"
"134";"Danna";"Jedraszek";"Fe";"591";;"0000-00-00"
"135";"Hanna";"De Fraine";"Fe";"707";;"0000-00-00"
"136";"Claribel";"Howbrook";"Fe";"308";;"0000-00-00"
"137";"Lon";"Seston";"Ma";"981";;"0000-00-00"
"138";"Shirlene";"Cosgriff";"Po";"509";;"0000-00-00"
"139";"Donni";"Naris";"Fe";"628";;"0000-00-00"
"140";"Moises";"Neesam";"Ma";"971";;"0000-00-00"
"141";"Chloe";"Sleigh";"Fe";"849";;"0000-00-00"
"142";"Chick";"Novak";"Ma";"733";;"0000-00-00"
"143";"Jone";"Caig";"Ma";"139";;"0000-00-00"
"144";"Randa";"Grattage";"Fe";"708";;"0000-00-00"
"145";"Nils";"Bowyer";"Ag";"832";;"0000-00-00"
"146";"Kennett";"Souten";"Ma";"627";;"0000-00-00"
"147";"Kathryne";"Kubicki";"Fe";"133";;"0000-00-00"
"148";"Joanie";"Crafter";"Fe";"861";;"0000-00-00"
"149";"Annemarie";"Dimont";"Fe";"149";;"0000-00-00"
"150";"Jerrilee";"Fley";"Ag";"330";;"0000-00-00"
"151";"Zaria";"Dreghorn";"Fe";"165";;"0000-00-00"
"152";"William";"Nathan";"Ma";"623";;"0000-00-00"
"153";"Gilli";"Whitlam";"Fe";"474";;"0000-00-00"
"154";"Sondra";"Bealton";"Ag";"631";;"0000-00-00"
"155";"Jeanette";"Rawe";"Fe";"237";;"0000-00-00"
"156";"Sylvan";"Clurow";"Ma";"690";;"0000-00-00"
"157";"Gasper";"Westfalen";"Ma";"118";;"0000-00-00"
"158";"Gisella";"Episcopio";"Fe";"552";;"0000-00-00"
"159";"Audre";"Graysmark";"Fe";"965";;"0000-00-00"
"160";"Rozalie";"MacCahey";"Fe";"390";;"0000-00-00"
"161";"Cassandry";"Pawle";"Fe";"554";;"0000-00-00"
"162";"Ulrich";"Alfonzo";"Ma";"214";;"0000-00-00"
"163";"Idell";"Pilch";"Fe";"251";;"0000-00-00"
"164";"Maude";"D'Aubney";"Ag";"552";;"0000-00-00"
"165";"Amye";"Howel";"Fe";"311";;"0000-00-00"
"166";"Alanson";"Januszewicz";"Ma";"262";;"0000-00-00"
"167";"Diandra";"Lanceley";"Fe";"454";;"0000-00-00"
"168";"Noach";"Edgcombe";"Ma";"644";;"0000-00-00"
"169";"Raviv";"Makin";"Ma";"122";;"0000-00-00"
"170";"Valma";"Persent";"Fe";"517";;"0000-00-00"
"171";"Shelley";"Andrieu";"Ma";"615";;"0000-00-00"
"172";"Ulrike";"Tattersill";"Ge";"113";;"0000-00-00"
"173";"Giavani";"Burthom";"Ma";"984";;"0000-00-00"
"174";"Noach";"Grandham";"Ge";"405";;"0000-00-00"
"175";"Danya";"Tumbelty";"Ge";"710";;"0000-00-00"
"176";"Leupold";"Pozer";"Ma";"144";;"0000-00-00"
"177";"Evangelia";"Cyphus";"Fe";"719";;"0000-00-00"
"178";"Hasty";"Mynard";"Ma";"191";;"0000-00-00"
"179";"Gallard";"Keynes";"Ma";"405";;"0000-00-00"
"180";"Aldon";"Womersley";"No";"731";;"0000-00-00"
"181";"Sayres";"Petrashov";"Ma";"509";;"0000-00-00"
"182";"Jeremie";"Starsmore";"Ma";"997";;"0000-00-00"
"183";"Nedi";"Winyard";"Po";"113";;"0000-00-00"
"184";"Donica";"Begley";"Fe";"676";;"0000-00-00"
"185";"Catherine";"Gleadle";"Fe";"552";;"0000-00-00"
"186";"Augustina";"Slowly";"Fe";"242";;"0000-00-00"
"187";"Erny";"Meckiff";"No";"247";;"0000-00-00"
"188";"Starlin";"Voelker";"Fe";"223";;"0000-00-00"
"189";"Salome";"Stanbrooke";"No";"797";;"0000-00-00"
"190";"Glenine";"Ravillas";"Fe";"912";;"0000-00-00"
"191";"Bunny";"Zucker";"Fe";"299";;"0000-00-00"
"192";"Latrena";"Abys";"Fe";"875";;"0000-00-00"
"193";"Vito";"Monks";"Ma";"797";;"0000-00-00"
"194";"Quintilla";"Gullen";"Po";"140";;"0000-00-00"
"195";"Dalia";"Rodell";"Ge";"667";;"0000-00-00"
"196";"Ferrel";"Sandbrook";"Ma";"854";;"0000-00-00"
"197";"Alec";"Brisseau";"Ma";"615";;"0000-00-00"
"198";"Norbert";"Jerdon";"Ma";"408";;"0000-00-00"
"199";"Juditha";"Kilban";"Bi";"259";;"0000-00-00"
"200";"Phip";"Stuehmeier";"Ge";"358";;"0000-00-00"
"201";"Inna";"Bloxsum";"Fe";"719";;"0000-00-00"
"202";"Linnea";"Fardon";"Fe";"193";;"0000-00-00"
"203";"Faulkner";"Theunissen";"Ma";"756";;"0000-00-00"
"204";"Lydie";"Geibel";"Fe";"550";;"0000-00-00"
"205";"Gui";"Ruste";"Fe";"588";;"0000-00-00"
"206";"Tate";"Cadany";"Ma";"879";;"0000-00-00"
"207";"Lizzy";"Birkett";"Fe";"342";;"0000-00-00"
"208";"Nathanial";"Bordis";"Ma";"362";;"0000-00-00"
"209";"Cary";"Powers";"Ma";"761";;"0000-00-00"
"210";"Bernhard";"Stannering";"Ma";"882";;"0000-00-00"
"211";"Sophronia";"Dewicke";"Fe";"368";;"0000-00-00"
"212";"Caprice";"Keetley";"Fe";"443";;"0000-00-00"
"213";"Windy";"Block";"Fe";"709";;"0000-00-00"
"214";"Saudra";"Tawse";"Fe";"336";;"0000-00-00"
"215";"Davin";"Winger";"Ma";"761";;"0000-00-00"
"216";"Kit";"McIver";"Fe";"941";;"0000-00-00"
"217";"Lowe";"Florentine";"Ma";"798";;"0000-00-00"
"218";"Adela";"Buckwell";"Fe";"171";;"0000-00-00"
"219";"Eduardo";"Teasdale";"Ma";"357";;"0000-00-00"
"220";"Barron";"McTrustrie";"Ma";"685";;"0000-00-00"
"221";"Baron";"Fyfield";"Ma";"482";;"0000-00-00"
"222";"Flory";"Taber";"Ma";"770";;"0000-00-00"
"223";"Norrie";"Pafford";"Ma";"999";;"0000-00-00"
"224";"Briny";"Drissell";"Fe";"533";;"0000-00-00"
"225";"Rance";"Wathen";"Ma";"854";;"0000-00-00"
"226";"Erhart";"Binne";"Bi";"167";;"0000-00-00"
"227";"Lorne";"Touzey";"Ma";"512";;"0000-00-00"
"228";"Olivier";"Heart";"Ma";"450";;"0000-00-00"
"229";"Maurita";"Carbonell";"Fe";"551";;"0000-00-00"
"230";"Sayre";"Loyns";"Ge";"170";;"0000-00-00"
"231";"Sandra";"Brampton";"Fe";"468";;"0000-00-00"
"232";"Marilyn";"Cullon";"Fe";"663";;"0000-00-00"
"233";"Forbes";"Malicki";"Ma";"138";;"0000-00-00"
"234";"Galen";"Sadlier";"Ma";"857";;"0000-00-00"
"235";"Nelli";"Helstrom";"Fe";"811";;"0000-00-00"
"236";"Alaric";"Larcher";"No";"253";;"0000-00-00"
"237";"Burnaby";"Escott";"Ma";"654";;"0000-00-00"
"238";"Fairfax";"Joliffe";"Ma";"975";;"0000-00-00"
"239";"Vinny";"Posse";"Ma";"872";;"0000-00-00"
"240";"Giselbert";"Paragreen";"Ma";"648";;"0000-00-00"
"241";"Aldrich";"Varah";"Ma";"999";;"0000-00-00"
"242";"Ella";"Cruikshank";"Fe";"523";;"0000-00-00"
"243";"Cairistiona";"Coye";"Ag";"537";;"0000-00-00"
"244";"Barny";"Naisby";"Ma";"910";;"0000-00-00"
"245";"Kaylee";"Gabriely";"Fe";"100";;"0000-00-00"
"246";"Mahala";"Peatman";"Fe";"389";;"0000-00-00"
"247";"Garek";"Chaman";"Ma";"146";;"0000-00-00"
"248";"Shell";"Doyley";"Fe";"877";;"0000-00-00"
"249";"Bryana";"Fantham";"Fe";"180";;"0000-00-00"
"250";"Eddi";"Franc";"Fe";"333";;"0000-00-00"
"251";"Christiana";"Renbold";"Fe";"202";;"0000-00-00"
"252";"Gwenneth";"Grabiec";"Fe";"608";;"0000-00-00"
"253";"Worthington";"Lasselle";"Ma";"248";;"0000-00-00"
"254";"Clarance";"Helstrip";"Ma";"433";;"0000-00-00"
"255";"Millicent";"Baine";"Fe";"327";;"0000-00-00"
"256";"Skyler";"Mulhill";"Ma";"193";;"0000-00-00"
"257";"Jedidiah";"Bellson";"Ma";"629";;"0000-00-00"
"258";"Glory";"Audibert";"Fe";"342";;"0000-00-00"
"259";"Harriott";"Gatch";"Fe";"473";;"0000-00-00"
"260";"Bertina";"Huniwall";"Fe";"513";;"0000-00-00"
"261";"Gabriellia";"McPartlin";"Fe";"773";;"0000-00-00"
"262";"Tressa";"Tabourier";"Fe";"720";;"0000-00-00"
"263";"Camel";"Shipsey";"Po";"832";;"0000-00-00"
"264";"Gloriane";"Iacovolo";"Fe";"236";;"0000-00-00"
"265";"Cara";"Blees";"Fe";"562";;"0000-00-00"
"266";"Bond";"Friel";"Ge";"389";;"0000-00-00"
"267";"Lauri";"Niset";"Fe";"941";;"0000-00-00"
"268";"Lynsey";"Benardet";"Fe";"976";;"0000-00-00"
"269";"Fanechka";"Louden";"Fe";"826";;"0000-00-00"
"270";"Tedmund";"Littlecote";"No";"952";;"0000-00-00"
"271";"Ode";"Jasiak";"Ma";"406";;"0000-00-00"
"272";"Blaine";"Cosslett";"Ma";"119";;"0000-00-00"
"273";"Ramsay";"Sydenham";"Ma";"809";;"0000-00-00"
"274";"Samaria";"Osler";"Fe";"560";;"0000-00-00"
"275";"Anthea";"Gammill";"Fe";"149";;"0000-00-00"
"276";"Susie";"Chessman";"Fe";"377";;"0000-00-00"
"277";"Parry";"Jacquemy";"Ma";"886";;"0000-00-00"
"278";"Kare";"Togher";"Fe";"812";;"0000-00-00"
"279";"Briggs";"Rawlyns";"Ma";"800";;"0000-00-00"
"280";"Corly";"Nelthorpe";"Fe";"365";;"0000-00-00"
"281";"Falkner";"Laible";"Ge";"517";;"0000-00-00"
"282";"Brandyn";"O'Neil";"Ma";"233";;"0000-00-00"
"283";"Haskell";"Agron";"Ma";"716";;"0000-00-00"
"284";"Davy";"Jerman";"Ma";"412";;"0000-00-00"
"285";"Arlee";"Tweedlie";"Fe";"669";;"0000-00-00"
"286";"Broderick";"Eastabrook";"Ma";"291";;"0000-00-00"
"287";"Veronica";"Enderlein";"Fe";"171";;"0000-00-00"
"288";"Mahmoud";"Garrelts";"Ma";"656";;"0000-00-00"
"289";"Winnah";"Clemmett";"Fe";"135";;"0000-00-00"
"290";"Phil";"Gorler";"Ma";"633";;"0000-00-00"
"291";"Nelie";"Burgott";"Fe";"962";;"0000-00-00"
"292";"Dorry";"Ding";"Fe";"541";;"0000-00-00"
"293";"Meris";"Markussen";"Fe";"519";;"0000-00-00"
"294";"Royal";"Kubera";"Ma";"128";;"0000-00-00"
"295";"Davina";"Awton";"Fe";"812";;"0000-00-00"
"296";"Tessie";"Habbergham";"Fe";"122";;"0000-00-00"
"297";"Langsdon";"Madgwich";"Ma";"333";;"0000-00-00"
"298";"Klemens";"Yearne";"Ma";"779";;"0000-00-00"
"299";"Chrissy";"Shrieves";"Ma";"822";;"0000-00-00"
"300";"Clyde";"Adame";"Ma";"498";;"0000-00-00"
"301";"Angy";"Studdeard";"Fe";"895";;"0000-00-00"
"302";"Blinny";"Santus";"Fe";"162";;"0000-00-00"
"303";"Anjanette";"Greenhow";"Fe";"333";;"0000-00-00"
"304";"Kalinda";"Gonsalvez";"Fe";"604";;"0000-00-00"
"305";"Marisa";"Strachan";"Fe";"819";;"0000-00-00"
"306";"Alaric";"O'Cleary";"Ma";"933";;"0000-00-00"
"307";"Raul";"Given";"Ma";"828";;"0000-00-00"
"308";"Oby";"Kachel";"Ma";"873";;"0000-00-00"
"309";"Betsy";"Gladeche";"Fe";"463";;"0000-00-00"
"310";"Royal";"Dermott";"Ma";"910";;"0000-00-00"
"311";"Mack";"Ironmonger";"Ma";"151";;"0000-00-00"
"312";"Dave";"Toulch";"Ma";"768";;"0000-00-00"
"313";"Christian";"Yakhin";"Ma";"130";;"0000-00-00"
"314";"Aeriell";"Heinig";"Fe";"820";;"0000-00-00"
"315";"Frederick";"Bertin";"Ma";"502";;"0000-00-00"
"316";"Shelagh";"Connett";"Fe";"281";;"0000-00-00"
"317";"Ondrea";"Yushankin";"Fe";"638";;"0000-00-00"
"318";"Paula";"Owtram";"Fe";"656";;"0000-00-00"
"319";"Lyon";"Hollerin";"Ma";"364";;"0000-00-00"
"320";"Ebeneser";"Esselin";"Ma";"759";;"0000-00-00"
"321";"Chryste";"Billie";"Fe";"378";;"0000-00-00"
"322";"Pieter";"O'Halligan";"Ma";"588";;"0000-00-00"
"323";"Louella";"Bleiman";"Fe";"119";;"0000-00-00"
"324";"Rufe";"Caldes";"Ma";"122";;"0000-00-00"
"325";"Marlowe";"Elderkin";"Ma";"954";;"0000-00-00"
"326";"Montague";"Guerrazzi";"Ma";"910";;"0000-00-00"
"327";"Tully";"Rainforth";"Ma";"202";;"0000-00-00"
"328";"Tyrone";"Hackey";"Ma";"306";;"0000-00-00"
"329";"Izzy";"Verlinde";"Ma";"134";;"0000-00-00"
"330";"Elnore";"Durn";"Fe";"497";;"0000-00-00"
"331";"Sapphire";"Finnan";"Fe";"112";;"0000-00-00"
"332";"Mel";"Wyborn";"Ma";"510";;"0000-00-00"
"333";"Trever";"Howorth";"Ma";"434";;"0000-00-00"
"334";"Cilka";"Formilli";"Fe";"144";;"0000-00-00"
"335";"Perla";"Obington";"Fe";"264";;"0000-00-00"
"336";"Benjamin";"Durbyn";"Ma";"155";;"0000-00-00"
"337";"Ewen";"Blaycock";"Ma";"628";;"0000-00-00"
"338";"Heddie";"Aggis";"Fe";"944";;"0000-00-00"
"339";"Israel";"Hambidge";"Ma";"257";;"0000-00-00"
"340";"Cami";"Cossey";"Fe";"187";;"0000-00-00"
"341";"Carie";"Mettericke";"Fe";"911";;"0000-00-00"
"342";"Marita";"Messenbird";"Fe";"113";;"0000-00-00"
"343";"Reginald";"Menlow";"Ma";"275";;"0000-00-00"
"344";"Barbey";"Caudrey";"Fe";"802";;"0000-00-00"
"345";"Pattin";"Liddiard";"Ma";"318";;"0000-00-00"
"346";"Della";"MacRitchie";"Fe";"757";;"0000-00-00"
"347";"Sidonia";"Galland";"Fe";"332";;"0000-00-00"
"348";"Genevra";"Brugman";"Fe";"631";;"0000-00-00"
"349";"Truman";"Riediger";"Po";"930";;"0000-00-00"
"350";"Raimondo";"Jotcham";"Ma";"731";;"0000-00-00"
"351";"Herold";"Arkwright";"Ma";"577";;"0000-00-00"
"352";"Giusto";"Bulluck";"Ma";"500";;"0000-00-00"
"353";"Papageno";"Ryley";"Po";"470";;"0000-00-00"
"354";"Bealle";"Jewks";"Ma";"422";;"0000-00-00"
"355";"Maxim";"Shackel";"Ma";"672";;"0000-00-00"
"356";"Hurley";"Winstanley";"Ma";"831";;"0000-00-00"
"357";"Calla";"Grundle";"Ag";"702";;"0000-00-00"
"358";"Herman";"Silbersak";"Ma";"721";;"0000-00-00"
"359";"Cassandry";"Craxford";"Fe";"299";;"0000-00-00"
"360";"Emmie";"Zanetello";"No";"490";;"0000-00-00"
"361";"Kip";"Talks";"Ma";"394";;"0000-00-00"
"362";"Dunn";"Florentine";"Ma";"580";;"0000-00-00"
"363";"Tessie";"Dedrick";"Fe";"918";;"0000-00-00"
"364";"Ruben";"David";"Ma";"709";;"0000-00-00"
"365";"Clyde";"Nowak";"Ma";"312";;"0000-00-00"
"366";"Myrilla";"Eshmade";"Fe";"442";;"0000-00-00"
"367";"Cherye";"Roney";"Fe";"217";;"0000-00-00"
"368";"Gilles";"Samarth";"Ma";"693";;"0000-00-00"
"369";"Temp";"Vassie";"Ma";"223";;"0000-00-00"
"370";"Hughie";"Duerden";"Ma";"730";;"0000-00-00"
"371";"Pauli";"Giorio";"Fe";"138";;"0000-00-00"
"372";"Christi";"Feavyour";"Fe";"683";;"0000-00-00"
"373";"Rufe";"Robshaw";"Ma";"792";;"0000-00-00"
"374";"Padgett";"Bemand";"Bi";"994";;"0000-00-00"
"375";"Gordon";"Shoesmith";"Ma";"699";;"0000-00-00"
"376";"Merrielle";"Beininck";"Ge";"533";;"0000-00-00"
"377";"Murdock";"Biskupiak";"Ma";"596";;"0000-00-00"
"378";"Robena";"Seemmonds";"Fe";"418";;"0000-00-00"
"379";"Carlina";"Beiderbecke";"Fe";"806";;"0000-00-00"
"380";"Findlay";"Caps";"Ma";"488";;"0000-00-00"
"381";"Myrah";"Westhofer";"No";"124";;"0000-00-00"
"382";"Armando";"Brisset";"Ma";"162";;"0000-00-00"
"383";"Thekla";"Nanelli";"Fe";"154";;"0000-00-00"
"384";"Gustaf";"Munson";"Ma";"281";;"0000-00-00"
"385";"Shani";"Caldwell";"Fe";"676";;"0000-00-00"
"386";"Karrah";"Marginson";"Fe";"499";;"0000-00-00"
"387";"Carena";"Annis";"Fe";"950";;"0000-00-00"
"388";"Leonid";"Mattityahou";"Ma";"904";;"0000-00-00"
"389";"Gwenore";"Kulis";"Fe";"220";;"0000-00-00"
"390";"Marven";"Deacock";"Ma";"333";;"0000-00-00"
"391";"Brinn";"Sineath";"Fe";"112";;"0000-00-00"
"392";"Gabriel";"Burdikin";"Ma";"431";;"0000-00-00"
"393";"Justinn";"Tunmore";"Fe";"634";;"0000-00-00"
"394";"Valentijn";"Ronchi";"Ma";"536";;"0000-00-00"
"395";"Claudine";"Lumsden";"Fe";"574";;"0000-00-00"
"396";"Juliet";"Zettler";"Fe";"411";;"0000-00-00"
"397";"Alidia";"McCloch";"Fe";"974";;"0000-00-00"
"398";"Tye";"Kensit";"Bi";"982";;"0000-00-00"
"399";"Quinta";"Gemlbett";"Fe";"700";;"0000-00-00"
"400";"Martina";"Basso";"Fe";"128";;"0000-00-00"
"401";"Dasie";"Dunbobbin";"Fe";"239";;"0000-00-00"
"402";"Lionello";"McNess";"Ma";"474";;"0000-00-00"
"403";"Wallie";"Wilde";"Fe";"390";;"0000-00-00"
"404";"Odelinda";"Cowup";"Fe";"567";;"0000-00-00"
"405";"Merilyn";"Raggitt";"Bi";"640";;"0000-00-00"
"406";"Ogdan";"Wedlake";"Ma";"130";;"0000-00-00"
"407";"Roman";"Greenlies";"Ma";"910";;"0000-00-00"
"408";"Der";"Mushart";"Ma";"957";;"0000-00-00"
"409";"Sutherlan";"Augustus";"Ma";"200";;"0000-00-00"
"410";"Christoph";"Purcer";"Ma";"505";;"0000-00-00"
"411";"Pieter";"Hane";"Ma";"506";;"0000-00-00"
"412";"Demetri";"Fehner";"Ma";"983";;"0000-00-00"
"413";"Hart";"Cofax";"Ma";"305";;"0000-00-00"
"414";"Diane";"Guerner";"Fe";"177";;"0000-00-00"
"415";"Michel";"Paolone";"Bi";"271";;"0000-00-00"
"416";"Carolin";"O'Caine";"Fe";"693";;"0000-00-00"
"417";"Evelyn";"Key";"Fe";"306";;"0000-00-00"
"418";"Maia";"Greggs";"Fe";"632";;"0000-00-00"
"419";"Judah";"Broadist";"Ma";"512";;"0000-00-00"
"420";"Alyss";"Whyard";"Fe";"593";;"0000-00-00"
"421";"Rourke";"Longland";"Ma";"105";;"0000-00-00"
"422";"Felic";"Figgen";"Ma";"829";;"0000-00-00"
"423";"Lombard";"Shoreman";"Ma";"192";;"0000-00-00"
"424";"Corina";"Pagin";"Fe";"634";;"0000-00-00"
"425";"Bonnibelle";"Wainwright";"Bi";"896";;"0000-00-00"
"426";"Wallas";"Shirlaw";"Ma";"777";;"0000-00-00"
"427";"Katha";"Roache";"Fe";"407";;"0000-00-00"
"428";"Kordula";"Elliman";"Fe";"868";;"0000-00-00"
"429";"Gretchen";"Kempton";"Fe";"145";;"0000-00-00"
"430";"Alexandros";"Auton";"Ag";"426";;"0000-00-00"
"431";"Margit";"Sjollema";"Fe";"661";;"0000-00-00"
"432";"Buddie";"Bartkiewicz";"Ma";"500";;"0000-00-00"
"433";"Talyah";"Hubbock";"Fe";"303";;"0000-00-00"
"434";"Maure";"Townsley";"Fe";"262";;"0000-00-00"
"435";"Milzie";"Hardin";"Fe";"839";;"0000-00-00"
"436";"Desmond";"Kurdani";"Ma";"551";;"0000-00-00"
"437";"Fernanda";"Ritchie";"Fe";"946";;"0000-00-00"
"438";"Cullen";"Caird";"Ma";"448";;"0000-00-00"
"439";"Osmund";"Kift";"Ma";"910";;"0000-00-00"
"440";"Stefa";"Sworne";"Fe";"191";;"0000-00-00"
"441";"Khalil";"Reneke";"Ma";"642";;"0000-00-00"
"442";"Saba";"Darcy";"Fe";"425";;"0000-00-00"
"443";"Sergio";"Paule";"Ma";"150";;"0000-00-00"
"444";"Ursola";"Labusch";"Ge";"767";;"0000-00-00"
"445";"Ingeberg";"Glackin";"Fe";"244";;"0000-00-00"
"446";"Dukey";"Marushak";"Ma";"192";;"0000-00-00"
"447";"Bobbe";"Coit";"Fe";"198";;"0000-00-00"
"448";"Alick";"Andryushchenko";"Ma";"600";;"0000-00-00"
"449";"Frasco";"Briereton";"Ma";"180";;"0000-00-00"
"450";"Fidela";"Kenward";"Ge";"561";;"0000-00-00"
"451";"Chiquita";"Moger";"Fe";"913";;"0000-00-00"
"452";"Jamie";"Lamping";"Fe";"758";;"0000-00-00"
"453";"Jeralee";"Hallows";"Fe";"598";;"0000-00-00"
"454";"Leonhard";"Picknett";"Ma";"599";;"0000-00-00"
"455";"Regine";"Champagne";"Fe";"889";;"0000-00-00"
"456";"Branden";"Quaife";"Ma";"516";;"0000-00-00"
"457";"Raven";"Coop";"Fe";"748";;"0000-00-00"
"458";"Norbert";"Brumfitt";"Ma";"851";;"0000-00-00"
"459";"Ansel";"Scrannage";"Ma";"868";;"0000-00-00"
"460";"Rayner";"Chevins";"Ma";"644";;"0000-00-00"
"461";"Min";"Hyrons";"Fe";"247";;"0000-00-00"
"462";"Maison";"Sawford";"Ma";"159";;"0000-00-00"
"463";"Domenic";"Pestricke";"Ma";"951";;"0000-00-00"
"464";"Tildi";"Aldhous";"Fe";"809";;"0000-00-00"
"465";"Moina";"House";"Ag";"664";;"0000-00-00"
"466";"Nalani";"Whitehouse";"Fe";"518";;"0000-00-00"
"467";"Jessamyn";"Jenno";"Fe";"510";;"0000-00-00"
"468";"Giraldo";"Wyldish";"Ma";"774";;"0000-00-00"
"469";"Ashlan";"Keneford";"Fe";"766";;"0000-00-00"
"470";"Dewitt";"Francescuccio";"Ma";"139";;"0000-00-00"
"471";"Averil";"Kornalik";"Fe";"755";;"0000-00-00"
"472";"Gasparo";"Curd";"Ma";"255";;"0000-00-00"
"473";"Kaile";"Banthorpe";"Fe";"959";;"0000-00-00"
"474";"Ursuline";"Kingerby";"Fe";"595";;"0000-00-00"
"475";"Merrili";"Featherstonhaugh";"Fe";"450";;"0000-00-00"
"476";"Blair";"de Bullion";"Ma";"804";;"0000-00-00"
"477";"Marty";"Alty";"Fe";"447";;"0000-00-00"
"478";"Obadias";"Eliaz";"Ma";"114";;"0000-00-00"
"479";"Lynda";"Davisson";"Po";"373";;"0000-00-00"
"480";"Marc";"Gosnell";"Ma";"375";;"0000-00-00"
"481";"Maighdiln";"Phinnis";"Fe";"629";;"0000-00-00"
"482";"Marchall";"Krolak";"Ma";"750";;"0000-00-00"
"483";"Jeniffer";"Kilian";"Fe";"219";;"0000-00-00"
"484";"Garwin";"Keyser";"Ma";"203";;"0000-00-00"
"485";"Vernen";"Dutton";"No";"373";;"0000-00-00"
"486";"Germaine";"Ballintyne";"Ma";"830";;"0000-00-00"
"487";"Jacquie";"Malcolm";"No";"974";;"0000-00-00"
"488";"Ermin";"Boundy";"Ma";"519";;"0000-00-00"
"489";"Cleavland";"Whitfield";"Ma";"950";;"0000-00-00"
"490";"Sigismondo";"McArdle";"Ma";"513";;"0000-00-00"
"491";"Tallou";"Dewan";"Fe";"913";;"0000-00-00"
"492";"Rayner";"Goggan";"Ma";"614";;"0000-00-00"
"493";"Noel";"Andreia";"Fe";"598";;"0000-00-00"
"494";"Adelind";"Witherup";"Fe";"428";;"0000-00-00"
"495";"Reider";"Tremberth";"Ma";"636";;"0000-00-00"
"496";"Dougy";"Giorgioni";"Ma";"896";;"0000-00-00"
"497";"Dorolisa";"Mc Mechan";"Fe";"722";;"0000-00-00"
"498";"Etta";"Darcey";"Fe";"348";;"0000-00-00"
"499";"Tan";"Penman";"Ma";"819";;"0000-00-00"
"500";"Gavan";"Leap";"Ma";"744";;"0000-00-00"
"501";"Nellie";"Porcas";"Fe";"254";;"0000-00-00"
"502";"Wald";"Brewins";"Ma";"883";;"0000-00-00"
"503";"Orel";"Mulbery";"Bi";"648";;"0000-00-00"
"504";"Dalton";"Vaggers";"Ma";"788";;"0000-00-00"
"505";"Cyndy";"Berling";"Fe";"123";;"0000-00-00"
"506";"Jerrold";"Castagnet";"Ma";"226";;"0000-00-00"
"507";"Keefe";"Flukes";"Ma";"296";;"0000-00-00"
"508";"Felike";"Presley";"Ma";"421";;"0000-00-00"
"509";"Ab";"Gooley";"Ma";"489";;"0000-00-00"
"510";"Ferdie";"Veare";"Ma";"236";;"0000-00-00"
"511";"Van";"Waycott";"Fe";"234";;"0000-00-00"
"512";"Roderich";"O'Neil";"Ma";"509";;"0000-00-00"
"513";"Aurelie";"Raspin";"Fe";"667";;"0000-00-00"
"514";"Mariejeanne";"Chasemore";"Fe";"229";;"0000-00-00"
"515";"Mendel";"Thomas";"Ma";"324";;"0000-00-00"
"516";"Gilly";"Arpino";"Fe";"898";;"0000-00-00"
"517";"Randi";"Degoix";"Ma";"401";;"0000-00-00"
"518";"Hobard";"Menpes";"Ma";"948";;"0000-00-00"
"519";"Tobin";"Bowell";"Ma";"285";;"0000-00-00"
"520";"Lorrie";"O'Crevy";"Ma";"622";;"0000-00-00"
"521";"Milena";"Mockford";"Fe";"995";;"0000-00-00"
"522";"Bernarr";"Fawcus";"Ma";"828";;"0000-00-00"
"523";"Bryon";"Shegog";"Ma";"548";;"0000-00-00"
"524";"Byrle";"Lyste";"Ma";"658";;"0000-00-00"
"525";"Hobard";"Sudy";"Ma";"977";;"0000-00-00"
"526";"Wendell";"Lawley";"Ma";"978";;"0000-00-00"
"527";"Trip";"Bowshire";"Ma";"345";;"0000-00-00"
"528";"Charlena";"Clipsham";"Fe";"876";;"0000-00-00"
"529";"Heall";"Kepp";"Ma";"554";;"0000-00-00"
"530";"Dag";"Rentenbeck";"Ma";"342";;"0000-00-00"
"531";"Rudiger";"Tocque";"Ma";"295";;"0000-00-00"
"532";"Corenda";"Camel";"Ge";"308";;"0000-00-00"
"533";"Sherri";"Trank";"Fe";"208";;"0000-00-00"
"534";"Holli";"Pinsent";"Fe";"651";;"0000-00-00"
"535";"Franciskus";"Piwall";"No";"303";;"0000-00-00"
"536";"Mira";"Olohan";"Fe";"328";;"0000-00-00"
"537";"Letizia";"Allenby";"Fe";"215";;"0000-00-00"
"538";"Sandi";"Wilshere";"Fe";"633";;"0000-00-00"
"539";"Hynda";"Dackombe";"Fe";"892";;"0000-00-00"
"540";"Hashim";"Edwin";"Ma";"568";;"0000-00-00"
"541";"Vanya";"Olliffe";"Ma";"238";;"0000-00-00"
"542";"Abbey";"Cunnah";"Fe";"551";;"0000-00-00"
"543";"Orelie";"Lawson";"Fe";"544";;"0000-00-00"
"544";"Cosette";"Jenicek";"Fe";"728";;"0000-00-00"
"545";"Laurena";"Defty";"Fe";"423";;"0000-00-00"
"546";"Madalena";"Fleay";"Fe";"841";;"0000-00-00"
"547";"Barrie";"McLenaghan";"Fe";"491";;"0000-00-00"
"548";"Jaquenette";"Yarrell";"Ge";"911";;"0000-00-00"
"549";"Lilli";"Gurry";"Fe";"522";;"0000-00-00"
"550";"Osbourne";"Giff";"Ge";"177";;"0000-00-00"
"551";"Fabian";"Bewshaw";"Ma";"447";;"0000-00-00"
"552";"Nicola";"Rutt";"Fe";"353";;"0000-00-00"
"553";"Nefen";"Jest";"Ma";"395";;"0000-00-00"
"554";"Adey";"Artz";"Fe";"231";;"0000-00-00"
"555";"Marcelle";"Delea";"Ge";"684";;"0000-00-00"
"556";"Reynard";"Meneo";"Ma";"674";;"0000-00-00"
"557";"Leia";"Ceccoli";"Po";"141";;"0000-00-00"
"558";"Ted";"Poyser";"Fe";"450";;"0000-00-00"
"559";"Adella";"Dobney";"Fe";"506";;"0000-00-00"
"560";"Minetta";"Standbrooke";"Fe";"192";;"0000-00-00"
"561";"Haydon";"Crilley";"Ma";"885";;"0000-00-00"
"562";"Marena";"Barniss";"Fe";"155";;"0000-00-00"
"563";"Clemente";"Godmer";"Ma";"600";;"0000-00-00"
"564";"Friederike";"Bonick";"Fe";"521";;"0000-00-00"
"565";"Eolanda";"Innett";"Fe";"673";;"0000-00-00"
"566";"Cristy";"Vian";"Fe";"382";;"0000-00-00"
"567";"Kele";"Raspin";"Ma";"143";;"0000-00-00"
"568";"Susy";"Spiby";"Fe";"790";;"0000-00-00"
"569";"Adaline";"Temple";"Ge";"888";;"0000-00-00"
"570";"Edi";"Shalliker";"Fe";"813";;"0000-00-00"
"571";"Holli";"Amey";"Fe";"604";;"0000-00-00"
"572";"Zane";"Wordsley";"Ma";"585";;"0000-00-00"
"573";"Allx";"Flaonier";"Fe";"241";;"0000-00-00"
"574";"Krissy";"Brightman";"Fe";"539";;"0000-00-00"
"575";"Holly-anne";"Baudts";"Fe";"544";;"0000-00-00"
"576";"Bobina";"Paschek";"Fe";"123";;"0000-00-00"
"577";"Thorny";"Castagno";"Ma";"667";;"0000-00-00"
"578";"Elaina";"Guthrum";"Fe";"757";;"0000-00-00"
"579";"Lothario";"Ambroisin";"Po";"735";;"0000-00-00"
"580";"Franciskus";"Ravenscraft";"Bi";"924";;"0000-00-00"
"581";"Matias";"Wilde";"Ma";"656";;"0000-00-00"
"582";"Yoshiko";"Palle";"Fe";"215";;"0000-00-00"
"583";"Lauri";"Jebb";"Fe";"798";;"0000-00-00"
"584";"Geri";"Munson";"Ag";"757";;"0000-00-00"
"585";"Jaynell";"Hansill";"Fe";"342";;"0000-00-00"
"586";"Celestia";"Figliovanni";"Fe";"884";;"0000-00-00"
"587";"Malia";"Cuddehay";"Fe";"276";;"0000-00-00"
"588";"Hyatt";"Chaffe";"Ma";"996";;"0000-00-00"
"589";"Guinevere";"Knowlson";"Fe";"967";;"0000-00-00"
"590";"Alec";"Belloch";"Ma";"346";;"0000-00-00"
"591";"Filide";"Bargery";"Fe";"418";;"0000-00-00"
"592";"Gerek";"Beining";"Ma";"753";;"0000-00-00"
"593";"Julia";"Gilluley";"Fe";"657";;"0000-00-00"
"594";"Sergio";"Seczyk";"Ma";"188";;"0000-00-00"
"595";"Elana";"Newcombe";"Fe";"717";;"0000-00-00"
"596";"Hendrik";"Lomis";"Ma";"685";;"0000-00-00"
"597";"Anatole";"Betton";"Ge";"413";;"0000-00-00"
"598";"Willy";"Edward";"Ma";"836";;"0000-00-00"
"599";"Curtice";"Cornish";"Bi";"860";;"0000-00-00"
"600";"Kai";"Kynman";"Fe";"987";;"0000-00-00"
"601";"Leupold";"Arnason";"Ma";"110";;"0000-00-00"
"602";"Melli";"Saiz";"Fe";"876";;"0000-00-00"
"603";"Didi";"Manicomb";"Fe";"877";;"0000-00-00"
"604";"Violet";"Neilly";"Fe";"605";;"0000-00-00"
"605";"Zackariah";"Orkney";"Ma";"794";;"0000-00-00"
"606";"Travers";"Dillestone";"Ma";"898";;"0000-00-00"
"607";"Piotr";"Biset";"Ma";"773";;"0000-00-00"
"608";"Maurine";"Warlawe";"Fe";"944";;"0000-00-00"
"609";"Rudolfo";"Broe";"Ma";"909";;"0000-00-00"
"610";"Wilhelm";"Goede";"Ma";"471";;"0000-00-00"
"611";"Pall";"Frier";"Ma";"673";;"0000-00-00"
"612";"Cyndie";"Blackford";"Fe";"725";;"0000-00-00"
"613";"Cory";"Robuchon";"Fe";"390";;"0000-00-00"
"614";"Allianora";"Cornels";"Ag";"935";;"0000-00-00"
"615";"Duff";"Fairbourn";"Ma";"876";;"0000-00-00"
"616";"Cristobal";"Ferrario";"Ge";"145";;"0000-00-00"
"617";"Cher";"Fogt";"Fe";"889";;"0000-00-00"
"618";"Brook";"Aiers";"Ma";"896";;"0000-00-00"
"619";"Hertha";"De Ferrari";"Fe";"308";;"0000-00-00"
"620";"Dede";"Danter";"No";"630";;"0000-00-00"
"621";"Ursola";"Jahncke";"Fe";"443";;"0000-00-00"
"622";"Prent";"Gilhouley";"Ma";"102";;"0000-00-00"
"623";"Glyn";"Munsey";"Fe";"589";;"0000-00-00"
"624";"Arabele";"Catteroll";"Fe";"922";;"0000-00-00"
"625";"Ced";"Dowdney";"Ma";"627";;"0000-00-00"
"626";"Sarah";"Baack";"Fe";"990";;"0000-00-00"
"627";"Jenny";"Son";"Ag";"659";;"0000-00-00"
"628";"Dennis";"Harroll";"Ma";"488";;"0000-00-00"
"629";"Humberto";"Van Leijs";"Ma";"912";;"0000-00-00"
"630";"Maje";"Trustie";"Ma";"743";;"0000-00-00"
"631";"Constantino";"Bidder";"Ma";"240";;"0000-00-00"
"632";"Xenia";"Andryszczak";"No";"626";;"0000-00-00"
"633";"Archie";"Nettle";"Ma";"465";;"0000-00-00"
"634";"Gerald";"Fortun";"Ma";"907";;"0000-00-00"
"635";"Harrie";"Wyett";"Fe";"355";;"0000-00-00"
"636";"Carmella";"Ransom";"Ge";"216";;"0000-00-00"
"637";"Karlan";"Winchcum";"Ma";"319";;"0000-00-00"
"638";"Lorianne";"Rochford";"Fe";"442";;"0000-00-00"
"639";"Gareth";"Almey";"Ma";"504";;"0000-00-00"
"640";"Bert";"Reinger";"Fe";"990";;"0000-00-00"
"641";"Peder";"Routledge";"Ma";"468";;"0000-00-00"
"642";"Ravid";"Maggill'Andreis";"Ma";"214";;"0000-00-00"
"643";"Raphaela";"Bransdon";"Fe";"479";;"0000-00-00"
"644";"Rance";"Mongan";"Ma";"962";;"0000-00-00"
"645";"Janet";"Mardell";"Fe";"135";;"0000-00-00"
"646";"Kylen";"Jeandel";"Fe";"182";;"0000-00-00"
"647";"Gabey";"Relfe";"Ge";"336";;"0000-00-00"
"648";"Llewellyn";"Pennycook";"Ma";"341";;"0000-00-00"
"649";"Olivier";"Humpherson";"Ma";"617";;"0000-00-00"
"650";"Carin";"Duckworth";"Fe";"953";;"0000-00-00"
"651";"Adolphe";"Brownbridge";"Ma";"738";;"0000-00-00"
"652";"Gayel";"Easbie";"Fe";"890";;"0000-00-00"
"653";"Erwin";"Bisco";"Ma";"488";;"0000-00-00"
"654";"Ula";"Jehu";"Fe";"667";;"0000-00-00"
"655";"Barty";"Meachan";"Ma";"478";;"0000-00-00"
"656";"Karyn";"Metcalfe";"Fe";"667";;"0000-00-00"
"657";"Alfredo";"Trembley";"Ma";"579";;"0000-00-00"
"658";"Mufi";"Curmi";"Fe";"508";;"0000-00-00"
"659";"Heinrik";"Yukhnevich";"Ma";"778";;"0000-00-00"
"660";"June";"Ramelet";"Fe";"819";;"0000-00-00"
"661";"Haleigh";"Monard";"Ma";"426";;"0000-00-00"
"662";"Renaud";"McAvinchey";"Ge";"263";;"0000-00-00"
"663";"Wiatt";"McLugish";"Ma";"954";;"0000-00-00"
"664";"Amabelle";"Parker";"Fe";"258";;"0000-00-00"
"665";"Rik";"Kelston";"Ma";"235";;"0000-00-00"
"666";"Laural";"Lince";"Fe";"803";;"0000-00-00"
"667";"Britta";"Deeley";"Fe";"282";;"0000-00-00"
"668";"Chrissy";"Wickson";"Ma";"187";;"0000-00-00"
"669";"Justino";"Bartlett";"Ma";"818";;"0000-00-00"
"670";"Deidre";"Hartless";"Fe";"923";;"0000-00-00"
"671";"Hartwell";"Manvelle";"Ge";"911";;"0000-00-00"
"672";"Derward";"Cann";"Ge";"366";;"0000-00-00"
"673";"Pammi";"Josselsohn";"Fe";"189";;"0000-00-00"
"674";"Georgeanna";"Meo";"Fe";"383";;"0000-00-00"
"675";"Bobina";"Murphey";"Fe";"540";;"0000-00-00"
"676";"Doretta";"Buckler";"Ge";"308";;"0000-00-00"
"677";"Kali";"Bernardoni";"Fe";"948";;"0000-00-00"
"678";"Borden";"Leeves";"Ma";"355";;"0000-00-00"
"679";"Tait";"Dredge";"Ma";"422";;"0000-00-00"
"680";"Pennie";"Peggs";"Fe";"389";;"0000-00-00"
"681";"Gonzalo";"Dumpleton";"Ma";"339";;"0000-00-00"
"682";"Connie";"Girodon";"Ma";"826";;"0000-00-00"
"683";"Coral";"De Witt";"Fe";"463";;"0000-00-00"
"684";"Davita";"Krahl";"Fe";"763";;"0000-00-00"
"685";"Bjorn";"Bowsher";"Ma";"437";;"0000-00-00"
"686";"Jamill";"Worham";"Ma";"970";;"0000-00-00"
"687";"Drugi";"Kovelmann";"Ma";"606";;"0000-00-00"
"688";"Allys";"Aymeric";"Fe";"281";;"0000-00-00"
"689";"Nanon";"Moylan";"Po";"682";;"0000-00-00"
"690";"Cherida";"Eddleston";"Fe";"102";;"0000-00-00"
"691";"Libby";"Levet";"Fe";"208";;"0000-00-00"
"692";"Ursa";"Trodler";"Fe";"854";;"0000-00-00"
"693";"Leigh";"Hulance";"Ma";"172";;"0000-00-00"
"694";"Erica";"Alliker";"Fe";"407";;"0000-00-00"
"695";"Batsheva";"Kingzeth";"Fe";"175";;"0000-00-00"
"696";"Rey";"Czyz";"Fe";"341";;"0000-00-00"
"697";"Bryan";"Burnep";"Ma";"681";;"0000-00-00"
"698";"Beverie";"Gauthorpp";"Fe";"294";;"0000-00-00"
"699";"Marcy";"Schindler";"Fe";"360";;"0000-00-00"
"700";"Tomasina";"Siflet";"Fe";"306";;"0000-00-00"
"701";"Marne";"Gavagan";"Fe";"431";;"0000-00-00"
"702";"Binky";"Dowle";"Ag";"944";;"0000-00-00"
"703";"Prinz";"Brodeau";"Ma";"898";;"0000-00-00"
"704";"Lucky";"Bree";"No";"182";;"0000-00-00"
"705";"Carolyn";"Ellery";"Fe";"368";;"0000-00-00"
"706";"Corine";"Hundell";"Fe";"863";;"0000-00-00"
"707";"Adelaide";"Beinke";"Fe";"911";;"0000-00-00"
"708";"Sander";"Yankov";"Ag";"678";;"0000-00-00"
"709";"Nolly";"Tolossi";"Ma";"615";;"0000-00-00"
"710";"Dorelia";"Rozalski";"Fe";"989";;"0000-00-00"
"711";"Milton";"Astie";"Ma";"980";;"0000-00-00"
"712";"Florance";"Havvock";"Fe";"795";;"0000-00-00"
"713";"Bill";"Sisneros";"Ma";"355";;"0000-00-00"
"714";"Jay";"McNeill";"Ma";"212";;"0000-00-00"
"715";"Ricard";"McGarrahan";"Ma";"297";;"0000-00-00"
"716";"Bernardina";"Carrigan";"No";"651";;"0000-00-00"
"717";"Theo";"Everil";"Fe";"808";;"0000-00-00"
"718";"Sibel";"Boydell";"Fe";"203";;"0000-00-00"
"719";"Allie";"Rhyme";"Fe";"743";;"0000-00-00"
"720";"Gaye";"Byfford";"Fe";"491";;"0000-00-00"
"721";"Lucila";"Jobey";"Fe";"256";;"0000-00-00"
"722";"Zonda";"Ginner";"Fe";"768";;"0000-00-00"
"723";"Gonzales";"Sowrah";"Ma";"651";;"0000-00-00"
"724";"Flemming";"Dowrey";"Ma";"542";;"0000-00-00"
"725";"Beryl";"Clifft";"Fe";"512";;"0000-00-00"
"726";"Laughton";"Fusco";"Ma";"803";;"0000-00-00"
"727";"Anthony";"Jendrach";"Ma";"939";;"0000-00-00"
"728";"Nowell";"MacDearmid";"Ma";"579";;"0000-00-00"
"729";"Paul";"Walburn";"Ma";"507";;"0000-00-00"
"730";"Eb";"Boraston";"Ma";"699";;"0000-00-00"
"731";"Cathe";"Powell";"Fe";"720";;"0000-00-00"
"732";"Hadlee";"Toolan";"Ma";"423";;"0000-00-00"
"733";"Jolynn";"Iacopetti";"Fe";"822";;"0000-00-00"
"734";"Ninetta";"Catling";"Fe";"763";;"0000-00-00"
"735";"Ellis";"Hudspith";"Ma";"839";;"0000-00-00"
"736";"Rochella";"McWard";"Fe";"622";;"0000-00-00"
"737";"Kit";"Lechelle";"Ma";"582";;"0000-00-00"
"738";"Korella";"Castiblanco";"Fe";"933";;"0000-00-00"
"739";"Hamlen";"Shorie";"Ma";"265";;"0000-00-00"
"740";"Symon";"Beardow";"Ma";"297";;"0000-00-00"
"741";"Kelbee";"Geraghty";"Ma";"627";;"0000-00-00"
"742";"Erl";"Brahm";"Ma";"858";;"0000-00-00"
"743";"Quent";"Rosel";"No";"520";;"0000-00-00"
"744";"Athena";"Bussen";"Fe";"508";;"0000-00-00"
"745";"Emmit";"Risom";"Ma";"759";;"0000-00-00"
"746";"Delano";"Chasteau";"Ma";"508";;"0000-00-00"
"747";"Kynthia";"Bierman";"Po";"973";;"0000-00-00"
"748";"Meridith";"Bukowski";"Fe";"265";;"0000-00-00"
"749";"Gaby";"Diego";"Ma";"752";;"0000-00-00"
"750";"Magdalena";"Heatly";"Fe";"217";;"0000-00-00"
"751";"Kerry";"Polak";"Ma";"100";;"0000-00-00"
"752";"Hervey";"Loachhead";"Ma";"498";;"0000-00-00"
"753";"Marjory";"Gifford";"Fe";"481";;"0000-00-00"
"754";"Valentino";"Jekel";"Ma";"669";;"0000-00-00"
"755";"Kennett";"Clayfield";"Ma";"948";;"0000-00-00"
"756";"Wallis";"Cloke";"Ma";"275";;"0000-00-00"
"757";"Lona";"Keel";"Fe";"119";;"0000-00-00"
"758";"Wilhelmina";"Bicksteth";"Fe";"453";;"0000-00-00"
"759";"Fancy";"Dunstall";"Fe";"963";;"0000-00-00"
"760";"Bern";"Jellings";"Ma";"379";;"0000-00-00"
"761";"Derby";"Brigge";"Ma";"330";;"0000-00-00"
"762";"Janot";"Rennles";"Fe";"231";;"0000-00-00"
"763";"Luigi";"Brangan";"Ma";"117";;"0000-00-00"
"764";"Muffin";"Hazzard";"Ma";"799";;"0000-00-00"
"765";"Roda";"Speedy";"Fe";"277";;"0000-00-00"
"766";"Blondie";"Bernt";"Fe";"802";;"0000-00-00"
"767";"Bucky";"Evennett";"Ma";"939";;"0000-00-00"
"768";"Shalna";"Rosander";"Fe";"481";;"0000-00-00"
"769";"Lombard";"Lankford";"Ma";"918";;"0000-00-00"
"770";"Fania";"Cancellor";"Fe";"197";;"0000-00-00"
"771";"Allyce";"Franck";"Fe";"448";;"0000-00-00"
"772";"Buddy";"Hechlin";"Bi";"435";;"0000-00-00"
"773";"Rosabel";"Delahunty";"Fe";"291";;"0000-00-00"
"774";"Dimitry";"Grinsdale";"Ma";"276";;"0000-00-00"
"775";"Em";"Percival";"Fe";"563";;"0000-00-00"
"776";"Sigismond";"Ilyinski";"Ma";"214";;"0000-00-00"
"777";"Anna-diana";"Cleeve";"Fe";"422";;"0000-00-00"
"778";"Enrichetta";"Goldis";"Fe";"961";;"0000-00-00"
"779";"Ross";"Fleis";"Ma";"685";;"0000-00-00"
"780";"Garland";"Petche";"Fe";"304";;"0000-00-00"
"781";"Jocko";"Doxey";"Ma";"902";;"0000-00-00"
"782";"Nadya";"Stanes";"Fe";"859";;"0000-00-00"
"783";"Meredithe";"Pfaffel";"Fe";"637";;"0000-00-00"
"784";"Doti";"McAlpine";"Fe";"913";;"0000-00-00"
"785";"Maryanne";"Lile";"Fe";"408";;"0000-00-00"
"786";"Ranna";"Bowering";"Ge";"954";;"0000-00-00"
"787";"Georges";"Tolworth";"Ma";"352";;"0000-00-00"
"788";"Audy";"Leglise";"Ge";"536";;"0000-00-00"
"789";"Erastus";"Gymblett";"Ma";"370";;"0000-00-00"
"790";"Dona";"Gartsyde";"Fe";"826";;"0000-00-00"
"791";"Debi";"O'Lyhane";"Fe";"153";;"0000-00-00"
"792";"Celestyn";"Round";"Fe";"220";;"0000-00-00"
"793";"Natale";"Arbuckel";"Ma";"277";;"0000-00-00"
"794";"Gabby";"Giffard";"Ma";"815";;"0000-00-00"
"795";"Elise";"Kepe";"Fe";"417";;"0000-00-00"
"796";"Sergei";"Francillo";"Ge";"303";;"0000-00-00"
"797";"Karl";"Waszczyk";"Ma";"659";;"0000-00-00"
"798";"Karylin";"Le Gallo";"Fe";"232";;"0000-00-00"
"799";"Ingunna";"Faulks";"Fe";"366";;"0000-00-00"
"800";"Moe";"Andryunin";"Ma";"496";;"0000-00-00"
"801";"Toni";"Clotworthy";"Fe";"838";;"0000-00-00"
"802";"Jelene";"Gerbel";"Fe";"452";;"0000-00-00"
"803";"Yolande";"Bow";"Fe";"116";;"0000-00-00"
"804";"Stephanie";"Maybury";"Fe";"695";;"0000-00-00"
"805";"Damian";"Florez";"Ma";"556";;"0000-00-00"
"806";"Bone";"Haine";"Ma";"743";;"0000-00-00"
"807";"Cosette";"Dabinett";"Ag";"316";;"0000-00-00"
"808";"Tansy";"Monsey";"Fe";"499";;"0000-00-00"
"809";"Benetta";"Ewins";"Ge";"902";;"0000-00-00"
"810";"Nickie";"Gasticke";"Fe";"569";;"0000-00-00"
"811";"Shanna";"Trimby";"Po";"989";;"0000-00-00"
"812";"Linea";"Bains";"Fe";"797";;"0000-00-00"
"813";"Lou";"Pedwell";"Fe";"777";;"0000-00-00"
"814";"Massimo";"McKniely";"Ma";"723";;"0000-00-00"
"815";"Cordy";"Trusler";"Fe";"493";;"0000-00-00"
"816";"Mickie";"Flecknoe";"Ma";"716";;"0000-00-00"
"817";"Mignon";"Hurtado";"Fe";"496";;"0000-00-00"
"818";"Jenelle";"Millward";"Fe";"544";;"0000-00-00"
"819";"Katey";"Sedman";"Fe";"655";;"0000-00-00"
"820";"Anastasia";"Duffet";"Fe";"739";;"0000-00-00"
"821";"Calhoun";"Hairsine";"Ma";"696";;"0000-00-00"
"822";"Nicole";"Ferraraccio";"Fe";"159";;"0000-00-00"
"823";"Garreth";"Weinham";"Ma";"386";;"0000-00-00"
"824";"Miran";"Bolin";"Fe";"236";;"0000-00-00"
"825";"Hestia";"Lidgerton";"Fe";"196";;"0000-00-00"
"826";"Timotheus";"Leinthall";"Ma";"193";;"0000-00-00"
"827";"Hadrian";"Trevascus";"Ma";"890";;"0000-00-00"
"828";"Reade";"Boulding";"Ma";"612";;"0000-00-00"
"829";"Bayard";"Demkowicz";"Ma";"236";;"0000-00-00"
"830";"Syman";"Vassbender";"Ma";"309";;"0000-00-00"
"831";"Halley";"Dykas";"Fe";"510";;"0000-00-00"
"832";"Daune";"Gillanders";"Fe";"455";;"0000-00-00"
"833";"Cari";"Gudd";"Fe";"310";;"0000-00-00"
"834";"Jerrylee";"Gehrtz";"Fe";"609";;"0000-00-00"
"835";"Lanni";"Geane";"Fe";"460";;"0000-00-00"
"836";"Noah";"Kringe";"Ma";"329";;"0000-00-00"
"837";"Cornie";"Gleave";"Fe";"362";;"0000-00-00"
"838";"Shandie";"Truran";"Fe";"349";;"0000-00-00"
"839";"Linnea";"Maffini";"Fe";"333";;"0000-00-00"
"840";"Broderic";"Giraths";"Ma";"491";;"0000-00-00"
"841";"Teddie";"Hudghton";"Ge";"119";;"0000-00-00"
"842";"Debra";"Menier";"Fe";"643";;"0000-00-00"
"843";"Raffaello";"Stockell";"Ma";"662";;"0000-00-00"
"844";"Karlyn";"Witul";"Fe";"801";;"0000-00-00"
"845";"Nellie";"Hammor";"Fe";"118";;"0000-00-00"
"846";"Rici";"Hodgets";"Bi";"741";;"0000-00-00"
"847";"Roxane";"Delatour";"Fe";"129";;"0000-00-00"
"848";"Sheridan";"Coils";"Ma";"838";;"0000-00-00"
"849";"Mose";"Ajsik";"Ma";"296";;"0000-00-00"
"850";"Filmer";"Malby";"Ma";"252";;"0000-00-00"
"851";"Rusty";"Vedekhov";"Ma";"506";;"0000-00-00"
"852";"Delphinia";"Devereu";"Fe";"113";;"0000-00-00"
"853";"Sianna";"Mapis";"Po";"315";;"0000-00-00"
"854";"Alberto";"MacAvddy";"Ma";"915";;"0000-00-00"
"855";"Henrik";"Hiseman";"Ma";"873";;"0000-00-00"
"856";"Germain";"Duesberry";"Ma";"713";;"0000-00-00"
"857";"Ignace";"Haughian";"Ma";"579";;"0000-00-00"
"858";"Ralina";"Moar";"Ag";"608";;"0000-00-00"
"859";"Tallou";"Butterworth";"Fe";"716";;"0000-00-00"
"860";"Allianora";"Drew";"Fe";"343";;"0000-00-00"
"861";"Nesta";"Chin";"Fe";"735";;"0000-00-00"
"862";"Daren";"Upston";"Ma";"758";;"0000-00-00"
"863";"Rodge";"Jobke";"Ma";"690";;"0000-00-00"
"864";"Jayme";"Jzak";"Fe";"187";;"0000-00-00"
"865";"Marj";"Leckey";"Fe";"278";;"0000-00-00"
"866";"Flynn";"Adamson";"Ma";"760";;"0000-00-00"
"867";"Donnajean";"Gilliard";"Fe";"304";;"0000-00-00"
"868";"Barbee";"Fursey";"Fe";"178";;"0000-00-00"
"869";"Raina";"Playle";"Fe";"845";;"0000-00-00"
"870";"Torr";"O'Shavlan";"Ma";"339";;"0000-00-00"
"871";"Elisabeth";"Monketon";"Fe";"163";;"0000-00-00"
"872";"Lisette";"Beadles";"Fe";"881";;"0000-00-00"
"873";"Ronna";"Ubsdall";"Fe";"548";;"0000-00-00"
"874";"Arliene";"Milton";"Fe";"189";;"0000-00-00"
"875";"Hettie";"Danser";"Fe";"318";;"0000-00-00"
"876";"Josie";"Dubarry";"Fe";"417";;"0000-00-00"
"877";"Dacia";"Foucard";"Fe";"247";;"0000-00-00"
"878";"Eddy";"Bettenay";"Fe";"232";;"0000-00-00"
"879";"Isaac";"Piper";"Ma";"353";;"0000-00-00"
"880";"Carly";"Boodell";"Fe";"437";;"0000-00-00"
"881";"Hanson";"Raynard";"Ma";"913";;"0000-00-00"
"882";"Yul";"Woodhouse";"Ge";"908";;"0000-00-00"
"883";"Griffie";"Livoir";"Ma";"526";;"0000-00-00"
"884";"Sibyl";"Knoble";"Fe";"594";;"0000-00-00"
"885";"Miguel";"Sheber";"Ma";"528";;"0000-00-00"
"886";"Leona";"Parlett";"Fe";"469";;"0000-00-00"
"887";"Dorolice";"Lucien";"Fe";"879";;"0000-00-00"
"888";"Arabelle";"Skillanders";"Ge";"342";;"0000-00-00"
"889";"Deena";"Jina";"Fe";"740";;"0000-00-00"
"890";"Davey";"Gounod";"Ma";"151";;"0000-00-00"
"891";"Shaine";"Arnal";"Ma";"402";;"0000-00-00"
"892";"Inez";"Luchelli";"Fe";"515";;"0000-00-00"
"893";"Marguerite";"Dudman";"Fe";"393";;"0000-00-00"
"894";"Carine";"Briskey";"Fe";"228";;"0000-00-00"
"895";"Loy";"Steinor";"Ma";"482";;"0000-00-00"
"896";"Lila";"Troyes";"Fe";"691";;"0000-00-00"
"897";"Cort";"Winkworth";"Ge";"317";;"0000-00-00"
"898";"Nathanael";"MacCole";"Ma";"729";;"0000-00-00"
"899";"Stanleigh";"Brassington";"Ma";"153";;"0000-00-00"
"900";"Maxie";"Hyam";"Ma";"838";;"0000-00-00"
"901";"Jakie";"Lusgdin";"Ma";"936";;"0000-00-00"
"902";"Mahmoud";"Kelson";"Ma";"919";;"0000-00-00"
"903";"Ardyth";"Abrashkov";"Fe";"469";;"0000-00-00"
"904";"Wilfrid";"Kalkofen";"Ma";"415";;"0000-00-00"
"905";"Basile";"Goodday";"Ma";"641";;"0000-00-00"
"906";"Rana";"Demsey";"Fe";"844";;"0000-00-00"
"907";"Babara";"Paulsson";"Fe";"219";;"0000-00-00"
"908";"Daphene";"Celler";"Fe";"191";;"0000-00-00"
"909";"Thedrick";"Surr";"Ma";"800";;"0000-00-00"
"910";"Scotti";"Dobeson";"Ma";"627";;"0000-00-00"
"911";"Constantina";"Alford";"Fe";"947";;"0000-00-00"
"912";"Mikkel";"Twaits";"Ma";"581";;"0000-00-00"
"913";"Cassi";"Arkley";"Fe";"362";;"0000-00-00"
"914";"Cortie";"MacPaike";"Ma";"572";;"0000-00-00"
"915";"Timotheus";"Lowre";"Ma";"104";;"0000-00-00"
"916";"Vicki";"Dinning";"Fe";"178";;"0000-00-00"
"917";"Blisse";"Dunnan";"Fe";"437";;"0000-00-00"
"918";"Jard";"Harragin";"Ma";"956";;"0000-00-00"
"919";"Sydney";"Hellsdon";"Ma";"916";;"0000-00-00"
"920";"Robb";"Kauschke";"Ma";"270";;"0000-00-00"
"921";"Derrek";"Falkinder";"Po";"678";;"0000-00-00"
"922";"Morris";"Smithers";"Ma";"404";;"0000-00-00"
"923";"Burk";"Spenley";"Ma";"916";;"0000-00-00"
"924";"Emelda";"Renshall";"Fe";"165";;"0000-00-00"
"925";"Brande";"Tweedie";"Fe";"858";;"0000-00-00"
"926";"Brittani";"Mayor";"Fe";"240";;"0000-00-00"
"927";"Prince";"William";"Ma";"615";;"0000-00-00"
"928";"Ty";"Jakubovits";"Ma";"262";;"0000-00-00"
"929";"Jazmin";"Dulany";"Fe";"350";;"0000-00-00"
"930";"Bern";"Semorad";"Ma";"822";;"0000-00-00"
"931";"Patrizius";"Scawton";"Ma";"749";;"0000-00-00"
"932";"Ellerey";"Terrey";"Ma";"118";;"0000-00-00"
"933";"Elijah";"Womack";"Ma";"767";;"0000-00-00"
"934";"Cayla";"Bread";"Fe";"275";;"0000-00-00"
"935";"Ariadne";"Batham";"Fe";"595";;"0000-00-00"
"936";"Sutherlan";"O'Cuddie";"Ma";"398";;"0000-00-00"
"937";"Tawnya";"Wantling";"Fe";"891";;"0000-00-00"
"938";"Cob";"Skule";"Ma";"296";;"0000-00-00"
"939";"Tremain";"Dublin";"Ma";"881";;"0000-00-00"
"940";"Normy";"Franschini";"Ma";"847";;"0000-00-00"
"941";"Vittoria";"Wildin";"Fe";"404";;"0000-00-00"
"942";"Gabriele";"Veryan";"Ma";"758";;"0000-00-00"
"943";"Wat";"Twinborough";"Ma";"576";;"0000-00-00"
"944";"Amery";"Possell";"Ma";"120";;"0000-00-00"
"945";"Beryle";"Pelham";"Fe";"932";;"0000-00-00"
"946";"Andie";"Bamforth";"Ma";"219";;"0000-00-00"
"947";"Faber";"Deedes";"Ma";"193";;"0000-00-00"
"948";"Sam";"Impy";"Fe";"818";;"0000-00-00"
"949";"Gaby";"Terzo";"Ma";"345";;"0000-00-00"
"950";"Josefa";"Harrington";"Fe";"917";;"0000-00-00"
"951";"Jessy";"Matelaitis";"Fe";"766";;"0000-00-00"
"952";"Hill";"Allibon";"Ma";"608";;"0000-00-00"
"953";"Jed";"Cheer";"Ma";"247";;"0000-00-00"
"954";"Toby";"Dreini";"Fe";"334";;"0000-00-00"
"955";"Cherish";"Tixall";"Fe";"973";;"0000-00-00"
"956";"Abramo";"Fist";"Ma";"166";;"0000-00-00"
"957";"Claudianus";"Brandham";"Ma";"394";;"0000-00-00"
"958";"Nealson";"Minguet";"Ma";"952";;"0000-00-00"
"959";"Harry";"Potter";"Ma";"485";;"0000-00-00"
"960";"Yevette";"Lowndes";"Fe";"140";;"0000-00-00"
"961";"Lonna";"Whatsize";"Fe";"790";;"0000-00-00"
"962";"Briana";"Lundbeck";"Fe";"740";;"0000-00-00"
"963";"Maja";"Salvador";"Fe";"651";;"0000-00-00"
"964";"Tawnya";"Robertazzi";"Fe";"620";;"0000-00-00"
"965";"Elias";"Walkey";"Ma";"673";;"0000-00-00"
"966";"Kara";"Coller";"Fe";"287";;"0000-00-00"
"967";"Ruprecht";"Clues";"Ma";"928";;"0000-00-00"
"968";"Ira";"Barchrameev";"Ma";"894";;"0000-00-00"
"969";"Gavan";"Juarez";"Ma";"831";;"0000-00-00"
"970";"Ara";"Peniman";"Fe";"354";;"0000-00-00"
"971";"Cristobal";"Bolley";"Ma";"133";;"0000-00-00"
"972";"Jeromy";"Chardin";"Ma";"638";;"0000-00-00"
"973";"Lorry";"Wapplington";"Ma";"784";;"0000-00-00"
"974";"Tallia";"Jansens";"Bi";"907";;"0000-00-00"
"975";"Ardith";"Durdy";"Fe";"100";;"0000-00-00"
"976";"Web";"Gilhouley";"Ma";"303";;"0000-00-00"
"977";"Pancho";"Elix";"Ma";"622";;"0000-00-00"
"978";"Leodora";"Gumby";"Ge";"416";;"0000-00-00"
"979";"Del";"Buscher";"Ma";"972";;"0000-00-00"
"980";"Calum";"Scott";"Ma";"902";;"0000-00-00"
"981";"Pascale";"Beckhurst";"Ma";"274";;"0000-00-00"
"982";"Jenny";"Grenfell";"Fe";"807";;"0000-00-00"
"983";"Monte";"Ingold";"Ma";"874";;"0000-00-00"
"984";"Ralph";"Acum";"Ma";"173";;"0000-00-00"
"985";"Ranee";"Thredder";"Fe";"981";;"0000-00-00"
"986";"Madelin";"Merali";"Fe";"672";;"0000-00-00"
"987";"Pepita";"Hoston";"Fe";"965";;"0000-00-00"
"988";"Axe";"Mercey";"Ma";"919";;"0000-00-00"
"989";"Conroy";"Francesco";"Ma";"898";;"0000-00-00"
"990";"Elysee";"Rout";"Fe";"880";;"0000-00-00"
"991";"Osmund";"Colson";"Ma";"276";;"0000-00-00"
"992";"Nester";"Maryska";"Ma";"678";;"0000-00-00"
"993";"Pearl";"Philps";"Fe";"779";;"0000-00-00"
"994";"Wanids";"Fairfoot";"Fe";"148";;"0000-00-00"
"995";"Kylen";"Durtnel";"Fe";"671";;"0000-00-00"
"996";"Gusella";"Fendlen";"Bi";"862";;"0000-00-00"
"997";"Gaston";"Saller";"Ma";"370";;"0000-00-00"
"998";"Fulton";"Rosencrantz";"Ma";"140";;"0000-00-00"
"999";"Humpty";"Dumpty";"Fe";"481";;"0000-00-00"
"1000";"Arlie";"Callicott";"Fe";"944";;"0000-00-00"
"1001";"Hello";"World";"Fe";"0";;"2022-09-08"
"1003";"Sabrina";"Carpenter";"Fe";"0";;"2022-09-08"
"1004";"Derrick";"Faulkerson";"Ma";"0";;"2022-09-08"
"1005";"Julia";"Michaels";"Fe";"0";;"2022-09-08"
"1006";"Sam";"Smith";"Ma";"0";;"2022-09-08"
"1009";"Peter";"Parker";"Ma";"0";;"2022-09-08"
"1014";"MaDiSoN";"BeEr";"Fe";"0";;"2022-09-13"
"1015";"Helena";"Harper";"Fe";"0";;"2022-09-13"
"1016";"Lili";"Rochefort";"Fe";"0";;"2022-09-15"
"1017";"Bella ";"Poarch";"Fe";"0";;"2022-09-15"
"1018";"Liam";"Nelson";"Ma";"0";;"2022-09-18"
